Alfredo Zitarrosa,Canción De Los Horneros,,,milonga,1
Alfredo Zitarrosa,Canción De Los Horneros,,,versión,2
Alfredo Zitarrosa,Canción De Los Horneros,,,original,3
Alfredo Zitarrosa,Canción De Los Horneros,,,en,4
Alfredo Zitarrosa,Canción De Los Horneros,,,la,5
Alfredo Zitarrosa,Canción De Los Horneros,,,cumbrera,6
Alfredo Zitarrosa,Canción De Los Horneros,,,e,7
Alfredo Zitarrosa,Canción De Los Horneros,,,mi,8
Alfredo Zitarrosa,Canción De Los Horneros,,,rancho,9
Alfredo Zitarrosa,Canción De Los Horneros,,,anidaron,10
Alfredo Zitarrosa,Canción De Los Horneros,,,dos,11
Alfredo Zitarrosa,Canción De Los Horneros,,,horneros,12
Alfredo Zitarrosa,Canción De Los Horneros,,,y,13
Alfredo Zitarrosa,Canción De Los Horneros,,,yo,14
Alfredo Zitarrosa,Canción De Los Horneros,,,parezco,15
Alfredo Zitarrosa,Canción De Los Horneros,,,un,16
Alfredo Zitarrosa,Canción De Los Horneros,,,extraño,17
Alfredo Zitarrosa,Canción De Los Horneros,,,y,17
Alfredo Zitarrosa,Canción De Los Horneros,,,el,18
Alfredo Zitarrosa,Canción De Los Horneros,,,rancho,18
Alfredo Zitarrosa,Canción De Los Horneros,,,parece,19
Alfredo Zitarrosa,Canción De Los Horneros,,,de,20
Alfredo Zitarrosa,Canción De Los Horneros,,,ellos,21
Alfredo Zitarrosa,Canción De Los Horneros,,,dentro,22
Alfredo Zitarrosa,Canción De Los Horneros,,,solo,23
Alfredo Zitarrosa,Canción De Los Horneros,,,salgo,24
Alfredo Zitarrosa,Canción De Los Horneros,,,solo,24
Alfredo Zitarrosa,Canción De Los Horneros,,,siempre,25
Alfredo Zitarrosa,Canción De Los Horneros,,,solo,25
Alfredo Zitarrosa,Canción De Los Horneros,,,voy,26
Alfredo Zitarrosa,Canción De Los Horneros,,,y,26
Alfredo Zitarrosa,Canción De Los Horneros,,,vengo,27
Alfredo Zitarrosa,Canción De Los Horneros,,,los,28
Alfredo Zitarrosa,Canción De Los Horneros,,,hallo,29
Alfredo Zitarrosa,Canción De Los Horneros,,,juntos,30
Alfredo Zitarrosa,Canción De Los Horneros,,,po,31
Alfredo Zitarrosa,Canción De Los Horneros,,,el,31
Alfredo Zitarrosa,Canción De Los Horneros,,,campo,32
Alfredo Zitarrosa,Canción De Los Horneros,,,y,32
Alfredo Zitarrosa,Canción De Los Horneros,,,el,32
Alfredo Zitarrosa,Canción De Los Horneros,,,campo,32
Alfredo Zitarrosa,Canción De Los Horneros,,,parece,32
Alfredo Zitarrosa,Canción De Los Horneros,,,de,32
Alfredo Zitarrosa,Canción De Los Horneros,,,ellos,32
Alfredo Zitarrosa,Canción De Los Horneros,,,juntos,32
Alfredo Zitarrosa,Canción De Los Horneros,,,trabajan,33
Alfredo Zitarrosa,Canción De Los Horneros,,,y,33
Alfredo Zitarrosa,Canción De Los Horneros,,,cantan,34
Alfredo Zitarrosa,Canción De Los Horneros,,,y,34
Alfredo Zitarrosa,Canción De Los Horneros,,,tuito,35
Alfredo Zitarrosa,Canción De Los Horneros,,,lo,36
Alfredo Zitarrosa,Canción De Los Horneros,,,hacen,37
Alfredo Zitarrosa,Canción De Los Horneros,,,contentos,38
Alfredo Zitarrosa,Canción De Los Horneros,,,yo,38
Alfredo Zitarrosa,Canción De Los Horneros,,,no,39
Alfredo Zitarrosa,Canción De Los Horneros,,,sé,40
Alfredo Zitarrosa,Canción De Los Horneros,,,si,41
Alfredo Zitarrosa,Canción De Los Horneros,,,a,42
Alfredo Zitarrosa,Canción De Los Horneros,,,mí,43
Alfredo Zitarrosa,Canción De Los Horneros,,,me,44
Alfredo Zitarrosa,Canción De Los Horneros,,,miran,45
Alfredo Zitarrosa,Canción De Los Horneros,,,con,46
Alfredo Zitarrosa,Canción De Los Horneros,,,lástima,47
Alfredo Zitarrosa,Canción De Los Horneros,,,o,48
Alfredo Zitarrosa,Canción De Los Horneros,,,con,48
Alfredo Zitarrosa,Canción De Los Horneros,,,desprecio,49
Alfredo Zitarrosa,Canción De Los Horneros,,,ni,50
Alfredo Zitarrosa,Canción De Los Horneros,,,se,51
Alfredo Zitarrosa,Canción De Los Horneros,,,asustan,52
Alfredo Zitarrosa,Canción De Los Horneros,,,cuando,53
Alfredo Zitarrosa,Canción De Los Horneros,,,paso,54
Alfredo Zitarrosa,Canción De Los Horneros,,,como,55
Alfredo Zitarrosa,Canción De Los Horneros,,,si,55
Alfredo Zitarrosa,Canción De Los Horneros,,,yo,55
Alfredo Zitarrosa,Canción De Los Horneros,,,juera,56
Alfredo Zitarrosa,Canción De Los Horneros,,,un,56
Alfredo Zitarrosa,Canción De Los Horneros,,,perro,57
Alfredo Zitarrosa,Canción De Los Horneros,,,que,58
Alfredo Zitarrosa,Canción De Los Horneros,,,no,58
Alfredo Zitarrosa,Canción De Los Horneros,,,estorbo,59
Alfredo Zitarrosa,Canción De Los Horneros,,,ni,59
Alfredo Zitarrosa,Canción De Los Horneros,,,hago,60
Alfredo Zitarrosa,Canción De Los Horneros,,,daño,61
Alfredo Zitarrosa,Canción De Los Horneros,,,y,61
Alfredo Zitarrosa,Canción De Los Horneros,,,me,61
Alfredo Zitarrosa,Canción De Los Horneros,,,dejan,62
Alfredo Zitarrosa,Canción De Los Horneros,,,que,62
Alfredo Zitarrosa,Canción De Los Horneros,,,ande,63
Alfredo Zitarrosa,Canción De Los Horneros,,,suelto,64
Alfredo Zitarrosa,Canción De Los Horneros,,,ansina,65
Alfredo Zitarrosa,Canción De Los Horneros,,,vivo,66
Alfredo Zitarrosa,Canción De Los Horneros,,,en,66
Alfredo Zitarrosa,Canción De Los Horneros,,,mi,66
Alfredo Zitarrosa,Canción De Los Horneros,,,rancho,66
Alfredo Zitarrosa,Canción De Los Horneros,,,dende,67
Alfredo Zitarrosa,Canción De Los Horneros,,,que,67
Alfredo Zitarrosa,Canción De Los Horneros,,,solo,67
Alfredo Zitarrosa,Canción De Los Horneros,,,me,67
Alfredo Zitarrosa,Canción De Los Horneros,,,veo,68
Alfredo Zitarrosa,Canción De Los Horneros,,,enantes,69
Alfredo Zitarrosa,Canción De Los Horneros,,,otro,70
Alfredo Zitarrosa,Canción De Los Horneros,,,era,71
Alfredo Zitarrosa,Canción De Los Horneros,,,el,71
Alfredo Zitarrosa,Canción De Los Horneros,,,nido,72
Alfredo Zitarrosa,Canción De Los Horneros,,,y,72
Alfredo Zitarrosa,Canción De Los Horneros,,,el,72
Alfredo Zitarrosa,Canción De Los Horneros,,,mundo,73
Alfredo Zitarrosa,Canción De Los Horneros,,,parecía,74
Alfredo Zitarrosa,Canción De Los Horneros,,,nuestro,75
Alfredo Zitarrosa,Canción De Los Horneros,,,rogale,76
Alfredo Zitarrosa,Canción De Los Horneros,,,a,76
Alfredo Zitarrosa,Canción De Los Horneros,,,dios,77
Alfredo Zitarrosa,Canción De Los Horneros,,,hornerito,78
Alfredo Zitarrosa,Canción De Los Horneros,,,que,78
Alfredo Zitarrosa,Canción De Los Horneros,,,no,78
Alfredo Zitarrosa,Canción De Los Horneros,,,te,79
Alfredo Zitarrosa,Canción De Los Horneros,,,pase,80
Alfredo Zitarrosa,Canción De Los Horneros,,,lo,80
Alfredo Zitarrosa,Canción De Los Horneros,,,mesmo,81
Alfredo Zitarrosa,Canción De Los Horneros,,,versión,81
Alfredo Zitarrosa,Canción De Los Horneros,,,de,81
Alfredo Zitarrosa,Canción De Los Horneros,,,alfredo,82
Alfredo Zitarrosa,Canción De Los Horneros,,,zitarrosa,83
Alfredo Zitarrosa,Canción De Los Horneros,,,en,83
Alfredo Zitarrosa,Canción De Los Horneros,,,la,83
Alfredo Zitarrosa,Canción De Los Horneros,,,cumbrera,83
Alfredo Zitarrosa,Canción De Los Horneros,,,e,83
Alfredo Zitarrosa,Canción De Los Horneros,,,mi,83
Alfredo Zitarrosa,Canción De Los Horneros,,,rancho,83
Alfredo Zitarrosa,Canción De Los Horneros,,,anidaron,83
Alfredo Zitarrosa,Canción De Los Horneros,,,dos,83
Alfredo Zitarrosa,Canción De Los Horneros,,,horneros,83
Alfredo Zitarrosa,Canción De Los Horneros,,,y,83
Alfredo Zitarrosa,Canción De Los Horneros,,,yo,83
Alfredo Zitarrosa,Canción De Los Horneros,,,parezco,83
Alfredo Zitarrosa,Canción De Los Horneros,,,un,83
Alfredo Zitarrosa,Canción De Los Horneros,,,extraño,83
Alfredo Zitarrosa,Canción De Los Horneros,,,y,83
Alfredo Zitarrosa,Canción De Los Horneros,,,el,83
Alfredo Zitarrosa,Canción De Los Horneros,,,rancho,83
Alfredo Zitarrosa,Canción De Los Horneros,,,parece,83
Alfredo Zitarrosa,Canción De Los Horneros,,,de,83
Alfredo Zitarrosa,Canción De Los Horneros,,,ellos,83
Alfredo Zitarrosa,Canción De Los Horneros,,,dentro,83
Alfredo Zitarrosa,Canción De Los Horneros,,,solo,83
Alfredo Zitarrosa,Canción De Los Horneros,,,salgo,83
Alfredo Zitarrosa,Canción De Los Horneros,,,solo,83
Alfredo Zitarrosa,Canción De Los Horneros,,,siempre,83
Alfredo Zitarrosa,Canción De Los Horneros,,,solo,83
Alfredo Zitarrosa,Canción De Los Horneros,,,voy,83
Alfredo Zitarrosa,Canción De Los Horneros,,,y,83
Alfredo Zitarrosa,Canción De Los Horneros,,,vengo,83
Alfredo Zitarrosa,Canción De Los Horneros,,,los,83
Alfredo Zitarrosa,Canción De Los Horneros,,,hallo,83
Alfredo Zitarrosa,Canción De Los Horneros,,,juntos,83
Alfredo Zitarrosa,Canción De Los Horneros,,,po,83
Alfredo Zitarrosa,Canción De Los Horneros,,,el,83
Alfredo Zitarrosa,Canción De Los Horneros,,,campo,83
Alfredo Zitarrosa,Canción De Los Horneros,,,y,83
Alfredo Zitarrosa,Canción De Los Horneros,,,el,83
Alfredo Zitarrosa,Canción De Los Horneros,,,campo,83
Alfredo Zitarrosa,Canción De Los Horneros,,,parece,83
Alfredo Zitarrosa,Canción De Los Horneros,,,de,83
Alfredo Zitarrosa,Canción De Los Horneros,,,ellos,83
Alfredo Zitarrosa,Canción De Los Horneros,,,juntos,83
Alfredo Zitarrosa,Canción De Los Horneros,,,trabajan,83
Alfredo Zitarrosa,Canción De Los Horneros,,,y,83
Alfredo Zitarrosa,Canción De Los Horneros,,,cantan,83
Alfredo Zitarrosa,Canción De Los Horneros,,,y,83
Alfredo Zitarrosa,Canción De Los Horneros,,,tuito,83
Alfredo Zitarrosa,Canción De Los Horneros,,,lo,83
Alfredo Zitarrosa,Canción De Los Horneros,,,hacen,83
Alfredo Zitarrosa,Canción De Los Horneros,,,contentos,83
Alfredo Zitarrosa,Canción De Los Horneros,,,juntos,83
Alfredo Zitarrosa,Canción De Los Horneros,,,trabajan,83
Alfredo Zitarrosa,Canción De Los Horneros,,,y,83
Alfredo Zitarrosa,Canción De Los Horneros,,,cantan,83
Alfredo Zitarrosa,Canción De Los Horneros,,,y,83
Alfredo Zitarrosa,Canción De Los Horneros,,,tuito,83
Alfredo Zitarrosa,Canción De Los Horneros,,,lo,83
Alfredo Zitarrosa,Canción De Los Horneros,,,hacen,83
Alfredo Zitarrosa,Canción De Los Horneros,,,contentos,83
Alfredo Zitarrosa,Canción De Los Horneros,,,ni,83
Alfredo Zitarrosa,Canción De Los Horneros,,,se,83
Alfredo Zitarrosa,Canción De Los Horneros,,,asustan,83
Alfredo Zitarrosa,Canción De Los Horneros,,,cuando,83
Alfredo Zitarrosa,Canción De Los Horneros,,,paso,83
Alfredo Zitarrosa,Canción De Los Horneros,,,como,83
Alfredo Zitarrosa,Canción De Los Horneros,,,si,83
Alfredo Zitarrosa,Canción De Los Horneros,,,yo,83
Alfredo Zitarrosa,Canción De Los Horneros,,,juese,84
Alfredo Zitarrosa,Canción De Los Horneros,,,un,84
Alfredo Zitarrosa,Canción De Los Horneros,,,perro,84
Alfredo Zitarrosa,Canción De Los Horneros,,,que,84
Alfredo Zitarrosa,Canción De Los Horneros,,,no,84
Alfredo Zitarrosa,Canción De Los Horneros,,,estorba,85
Alfredo Zitarrosa,Canción De Los Horneros,,,ni,85
Alfredo Zitarrosa,Canción De Los Horneros,,,hace,86
Alfredo Zitarrosa,Canción De Los Horneros,,,daño,86
Alfredo Zitarrosa,Canción De Los Horneros,,,y,86
Alfredo Zitarrosa,Canción De Los Horneros,,,lo,86
Alfredo Zitarrosa,Canción De Los Horneros,,,dejan,86
Alfredo Zitarrosa,Canción De Los Horneros,,,que,86
Alfredo Zitarrosa,Canción De Los Horneros,,,ande,86
Alfredo Zitarrosa,Canción De Los Horneros,,,suelto,86
Alfredo Zitarrosa,Canción De Los Horneros,,,dentro,86
Alfredo Zitarrosa,Canción De Los Horneros,,,solo,86
Alfredo Zitarrosa,Canción De Los Horneros,,,salgo,86
Alfredo Zitarrosa,Canción De Los Horneros,,,solo,86
Alfredo Zitarrosa,Canción De Los Horneros,,,siempre,86
Alfredo Zitarrosa,Canción De Los Horneros,,,solo,86
Alfredo Zitarrosa,Canción De Los Horneros,,,voy,86
Alfredo Zitarrosa,Canción De Los Horneros,,,y,86
Alfredo Zitarrosa,Canción De Los Horneros,,,vengo,86
Alfredo Zitarrosa,Canción De Los Horneros,,,los,86
Alfredo Zitarrosa,Canción De Los Horneros,,,hallo,86
Alfredo Zitarrosa,Canción De Los Horneros,,,juntos,86
Alfredo Zitarrosa,Canción De Los Horneros,,,po,86
Alfredo Zitarrosa,Canción De Los Horneros,,,el,86
Alfredo Zitarrosa,Canción De Los Horneros,,,campo,86
Alfredo Zitarrosa,Canción De Los Horneros,,,y,86
Alfredo Zitarrosa,Canción De Los Horneros,,,el,86
Alfredo Zitarrosa,Canción De Los Horneros,,,campo,86
Alfredo Zitarrosa,Canción De Los Horneros,,,parece,86
Alfredo Zitarrosa,Canción De Los Horneros,,,de,86
Alfredo Zitarrosa,Canción De Los Horneros,,,ellos,86
Alfredo Zitarrosa,Canción De Los Horneros,,,ansina,86
Alfredo Zitarrosa,Canción De Los Horneros,,,vivo,86
Alfredo Zitarrosa,Canción De Los Horneros,,,en,86
Alfredo Zitarrosa,Canción De Los Horneros,,,mi,86
Alfredo Zitarrosa,Canción De Los Horneros,,,rancho,86
Alfredo Zitarrosa,Canción De Los Horneros,,,dende,86
Alfredo Zitarrosa,Canción De Los Horneros,,,que,86
Alfredo Zitarrosa,Canción De Los Horneros,,,solo,86
Alfredo Zitarrosa,Canción De Los Horneros,,,me,86
Alfredo Zitarrosa,Canción De Los Horneros,,,veo,86
Alfredo Zitarrosa,Canción De Los Horneros,,,enantes,86
Alfredo Zitarrosa,Canción De Los Horneros,,,otro,86
Alfredo Zitarrosa,Canción De Los Horneros,,,era,86
Alfredo Zitarrosa,Canción De Los Horneros,,,el,86
Alfredo Zitarrosa,Canción De Los Horneros,,,nido,86
Alfredo Zitarrosa,Canción De Los Horneros,,,y,86
Alfredo Zitarrosa,Canción De Los Horneros,,,el,86
Alfredo Zitarrosa,Canción De Los Horneros,,,mundo,86
Alfredo Zitarrosa,Canción De Los Horneros,,,parecía,86
Alfredo Zitarrosa,Canción De Los Horneros,,,nuestro,86
Alfredo Zitarrosa,Canción De Los Horneros,,,rogale,86
Alfredo Zitarrosa,Canción De Los Horneros,,,a,86
Alfredo Zitarrosa,Canción De Los Horneros,,,dios,86
Alfredo Zitarrosa,Canción De Los Horneros,,,hornerito,86
Alfredo Zitarrosa,Canción De Los Horneros,,,que,86
Alfredo Zitarrosa,Canción De Los Horneros,,,no,86
Alfredo Zitarrosa,Canción De Los Horneros,,,te,86
Alfredo Zitarrosa,Canción De Los Horneros,,,pase,86
Alfredo Zitarrosa,Canción De Los Horneros,,,lo,86
Alfredo Zitarrosa,Canción De Los Horneros,,,mesmo,86
